{"cameraMode":{"drawMode":0,"name":"Shaded","section":"Shading Mode"},"sceneLighting":true,"audioPlay":false,"sceneViewState":{"showFog":true,"showMaterialUpdate":false,"showSkybox":false,"showFlares":true,"showImageEffects":true,"showParticleSystems":true},"in2DMode":false,"pivot":{"x":1.2312898635864258,"y":3.4800004959106447,"z":0.17750024795532227},"rotation":{"x":-0.16449902951717378,"y":-0.7566723227500916,"z":0.20853988826274873,"w":-0.5975817441940308},"size":56.28750228881836,"orthographic":false}