{"cameraMode":{"drawMode":0,"name":"Shaded","section":"Shading Mode"},"sceneLighting":true,"audioPlay":false,"sceneViewState":{"showFog":true,"showMaterialUpdate":false,"showSkybox":true,"showFlares":true,"showImageEffects":true,"showParticleSystems":true},"in2DMode":false,"pivot":{"x":0.3357027769088745,"y":1.316920280456543,"z":5.430728435516357},"rotation":{"x":0.15864643454551698,"y":-0.010061039589345456,"z":0.0015631318092346192,"w":0.987393319606781},"size":9.738493919372559,"orthographic":false}