{"cameraMode":{"drawMode":0,"name":"Shaded","section":"Shading Mode"},"sceneLighting":true,"audioPlay":false,"sceneViewState":{"showFog":true,"showMaterialUpdate":false,"showSkybox":false,"showFlares":true,"showImageEffects":true,"showParticleSystems":true},"in2DMode":false,"pivot":{"x":1.2312898635864258,"y":3.4800004959106447,"z":0.17750024795532227},"rotation":{"x":-0.5880095362663269,"y":0.03240370750427246,"z":-0.023900290951132776,"w":-0.807992160320282},"size":56.28750228881836,"orthographic":false}