{"cameraMode":{"drawMode":0,"name":"Shaded","section":"Shading Mode"},"sceneLighting":false,"audioPlay":false,"sceneViewState":{"showFog":true,"showMaterialUpdate":true,"showSkybox":true,"showFlares":true,"showImageEffects":true,"showParticleSystems":true},"in2DMode":false,"pivot":{"x":-87.14409637451172,"y":13.30046272277832,"z":22.919605255126954},"rotation":{"x":-0.34413599967956545,"y":0.0031056595034897329,"z":-0.0011505113216117025,"w":-0.9389420747756958},"size":199.31654357910157,"orthographic":false}